uniprot,gene_symbol,status,pdb_path,pae_path,sha256_pdb,retrieved_at,notes
Q9UKP6,UTS2R,downloaded,/app/research/alphafold_countercurvature/data/raw/afdb/Q9UKP6/Q9UKP6.pdb,/app/research/alphafold_countercurvature/data/raw/afdb/Q9UKP6/Q9UKP6_pae.json,9088d8485be93905b0c7bd5f5e8f2446bffa47b26ab318acbf4c9dc41f75fdd7,2026-01-10 08:39:15,
Q96QU1,PCDH15,downloaded,research/alphafold_countercurvature/data/raw/afdb/Q96QU1/Q96QU1.pdb,research/alphafold_countercurvature/data/raw/afdb/Q96QU1/Q96QU1_pae.json,f9faa65497f022cc337cb7efa13e5ed21cdadc69bde7c1207b11de61ec98e0ca,2026-02-08 19:24:16,
Q9Y6N9,USH1C,downloaded,research/alphafold_countercurvature/data/raw/afdb/Q9Y6N9/Q9Y6N9.pdb,research/alphafold_countercurvature/data/raw/afdb/Q9Y6N9/Q9Y6N9_pae.json,a88d59a93789603a8e5789693cf9ddbfeeb3368348465f4f8a3b35a7f42b2c84,2026-02-08 19:24:16,
Q8TDI8,TMC1,downloaded,research/alphafold_countercurvature/data/raw/afdb/Q8TDI8/Q8TDI8.pdb,research/alphafold_countercurvature/data/raw/afdb/Q8TDI8/Q8TDI8_pae.json,ba6b438b036b9386f4f04534cfa1dda3b6a35fbe05dd7fb2ec1b415bc6768d3b,2026-02-08 19:24:18,
P11055,MYH3,downloaded,research/alphafold_countercurvature/data/raw/afdb/P11055/P11055.pdb,research/alphafold_countercurvature/data/raw/afdb/P11055/P11055_pae.json,65643fb0e6fab3e7129d029fe46429d296f79f1e66ab50ccbe62bcd5fb396747,2026-02-10 03:48:52,
Q3SXY8,ARL13B,downloaded,research/alphafold_countercurvature/data/raw/afdb/Q3SXY8/Q3SXY8.pdb,research/alphafold_countercurvature/data/raw/afdb/Q3SXY8/Q3SXY8_pae.json,de04b23a5fea3254d2b0a1781c0c355335482f8aec4c1531192722a9d5aca225,2026-02-10 03:48:53,
O94907,DKK1,downloaded,research/alphafold_countercurvature/data/raw/afdb/O94907/O94907.pdb,research/alphafold_countercurvature/data/raw/afdb/O94907/O94907_pae.json,65e60afb2f1f7bbe2a120ea4b4f96404c5bffafe715b9c77414a8a8dfb601231,2026-02-10 03:48:54,
Q92793,CREBBP,downloaded,research/alphafold_countercurvature/data/raw/afdb/Q92793/Q92793.pdb,research/alphafold_countercurvature/data/raw/afdb/Q92793/Q92793_pae.json,e10e5f762ee4696bce8dfc079dcfe6ca19f65afd96771591e109e228bd6d7424,2026-02-10 03:48:56,
Q9H3R0,KDM4C,downloaded,research/alphafold_countercurvature/data/raw/afdb/Q9H3R0/Q9H3R0.pdb,research/alphafold_countercurvature/data/raw/afdb/Q9H3R0/Q9H3R0_pae.json,7f7c2362c355f09e5722ccdffb391df72fc966213863a7ff4ce41c7bba2c2a0f,2026-02-10 03:48:57,
Q96AY3,FKBP10,downloaded,research/alphafold_countercurvature/data/raw/afdb/Q96AY3/Q96AY3.pdb,research/alphafold_countercurvature/data/raw/afdb/Q96AY3/Q96AY3_pae.json,8cdb613a3ccaa8969504dbfb781bb74ca4b1d14f41c62cce26d49e87aa8c1ccb,2026-02-10 03:48:58,
Q14204,DYNC1H1,not_found_afdb,,,,2026-02-10 03:48:58,
Q99715,COL12A1,downloaded,research/alphafold_countercurvature/data/raw/afdb/Q99715/Q99715.pdb,research/alphafold_countercurvature/data/raw/afdb/Q99715/Q99715_pae.json,168efa82b919398cb52cc4822311f204026e23dd54ac29caba7256f9ff4c9289,2026-02-10 03:49:00,
Q9Y2V0,CCDC103,downloaded,research/alphafold_countercurvature/data/raw/afdb/Q9Y2V0/Q9Y2V0.pdb,research/alphafold_countercurvature/data/raw/afdb/Q9Y2V0/Q9Y2V0_pae.json,de7942adc6aaf379d6d9f2ab3e238288d1d28262708241c2b434149ec2ffbde2,2026-02-10 03:49:01,
Q9UFE4,CCDC39,downloaded,research/alphafold_countercurvature/data/raw/afdb/Q9UFE4/Q9UFE4.pdb,research/alphafold_countercurvature/data/raw/afdb/Q9UFE4/Q9UFE4_pae.json,48549bd6bf95802ab5847f1168c3d3b33d0ccd54f66b248778ebb5753ed3b8a8,2026-02-10 03:49:01,
P22607,FGFR3,downloaded,research/alphafold_countercurvature/data/raw/afdb/P22607/P22607.pdb,research/alphafold_countercurvature/data/raw/afdb/P22607/P22607_pae.json,abdff329295f53f70c771025f6a8b94e4977f5b0e090c7cb92e3fba1bc37e7c9,2026-02-10 03:49:02,
O75800,ZMYND10,downloaded,research/alphafold_countercurvature/data/raw/afdb/O75800/O75800.pdb,research/alphafold_countercurvature/data/raw/afdb/O75800/O75800_pae.json,b7618454b9284acab7904daf6a93400fb5eee500df41bd1daa26044b654464a3,2026-02-10 03:49:03,
Q4G0P3,HYDIN,downloaded,research/alphafold_countercurvature/data/raw/afdb/Q4G0P3/Q4G0P3.pdb,research/alphafold_countercurvature/data/raw/afdb/Q4G0P3/Q4G0P3_pae.json,6f8a447009a90747c03c5034b306f0197cd77e7887f9a673c539c7d9413edf04,2026-02-10 03:49:04,
Q8TE73,DNAH5,not_found_afdb,,,,2026-02-10 03:49:05,
P36969,GPX4,not_found_afdb,,,,2026-02-10 03:49:05,
Q5HYA8,TMEM67,downloaded,research/alphafold_countercurvature/data/raw/afdb/Q5HYA8/Q5HYA8.pdb,research/alphafold_countercurvature/data/raw/afdb/Q5HYA8/Q5HYA8_pae.json,5a51ac3d78dd422cab30047c0f0fdcc1ef81df7a93278d63664714be57ddc0f0,2026-02-10 03:49:22,
P58215,LOXL3,downloaded,research/alphafold_countercurvature/data/raw/afdb/P58215/P58215.pdb,research/alphafold_countercurvature/data/raw/afdb/P58215/P58215_pae.json,3a50073fdb4094a656a36a9893a2b121bfe717cf4e94ada4862b2621a35a9fc9,2026-02-10 03:49:25,
O95925,FBLN4,downloaded,research/alphafold_countercurvature/data/raw/afdb/O95925/O95925.pdb,research/alphafold_countercurvature/data/raw/afdb/O95925/O95925_pae.json,4dac61a1f31f2dea750346de52c237b3c12c4e5856196e40535a567dd3dc9b87,2026-02-10 03:49:26,
Q13418,ILK,downloaded,research/alphafold_countercurvature/data/raw/afdb/Q13418/Q13418.pdb,research/alphafold_countercurvature/data/raw/afdb/Q13418/Q13418_pae.json,dd3686520e09f1c36ca64560561ea3471f84dd2083929e781c9c75daf234b4ec,2026-02-10 03:49:27,
Q96BA8,CREB3L1,downloaded,research/alphafold_countercurvature/data/raw/afdb/Q96BA8/Q96BA8.pdb,research/alphafold_countercurvature/data/raw/afdb/Q96BA8/Q96BA8_pae.json,7e0119ae4ccc136ce11e02c4618a9590c158aca831070ace8e082e510311c331,2026-02-10 03:49:33,
Q86UK5,EVC2,downloaded,research/alphafold_countercurvature/data/raw/afdb/Q86UK5/Q86UK5.pdb,research/alphafold_countercurvature/data/raw/afdb/Q86UK5/Q86UK5_pae.json,a3f6bf5589547a13ab003756a58bb4314c4ab05684ffb69fe705f1e8787dbf2c,2026-02-10 03:49:33,
P20807,CAPN3,downloaded,research/alphafold_countercurvature/data/raw/afdb/P20807/P20807.pdb,research/alphafold_countercurvature/data/raw/afdb/P20807/P20807_pae.json,28b228ef72fb4d5270ad532f5424ecd6b92aef8669e01120f9f220edc16738de,2026-02-10 03:49:34,
P56539,CAV3,downloaded,research/alphafold_countercurvature/data/raw/afdb/P56539/P56539.pdb,research/alphafold_countercurvature/data/raw/afdb/P56539/P56539_pae.json,c555ba1d5832aece15c19027706249eb4595ef06684791d2420c5c18f8dbfa3f,2026-02-10 03:49:35,
Q9UH99,SUN2,downloaded,research/alphafold_countercurvature/data/raw/afdb/Q9UH99/Q9UH99.pdb,research/alphafold_countercurvature/data/raw/afdb/Q9UH99/Q9UH99_pae.json,ab3e9d281c15cd91057ad4e206ff0dd034770b77a9b1b5b8a4dce458e43dc091,2026-02-10 03:49:36,
Q86Y38,XYLT1,downloaded,research/alphafold_countercurvature/data/raw/afdb/Q86Y38/Q86Y38.pdb,research/alphafold_countercurvature/data/raw/afdb/Q86Y38/Q86Y38_pae.json,d550fb719c03f69776371b46ca2ff673d8782e5a457661f2c8eac439e0357b7a,2026-02-10 03:49:37,
Q96MS0,ROBO3,downloaded,research/alphafold_countercurvature/data/raw/afdb/Q96MS0/Q96MS0.pdb,research/alphafold_countercurvature/data/raw/afdb/Q96MS0/Q96MS0_pae.json,4a2c53ec57230cf57eca2acdc51853158de50de83bf7c752b57f605cd14a989e,2026-02-10 03:49:37,
O14656,TOR1A,not_found_afdb,,,,2026-02-10 03:50:08,
Q9H324,ADAMTS10,downloaded,research/alphafold_countercurvature/data/raw/afdb/Q9H324/Q9H324.pdb,research/alphafold_countercurvature/data/raw/afdb/Q9H324/Q9H324_pae.json,a39c4c82ab73afe317ae08c5970c4acfa579c64239e7da4cf085add72c8bb7b4,2026-02-10 03:50:10,
Q8TC44,POC1B,downloaded,research/alphafold_countercurvature/data/raw/afdb/Q8TC44/Q8TC44.pdb,research/alphafold_countercurvature/data/raw/afdb/Q8TC44/Q8TC44_pae.json,bff640f6bb9ef5a332005f68c73f3239dde43f52907b232f80e0cc35f5eaed5b,2026-02-10 03:50:10,
P07951,TPM2,downloaded,research/alphafold_countercurvature/data/raw/afdb/P07951/P07951.pdb,research/alphafold_countercurvature/data/raw/afdb/P07951/P07951_pae.json,785abc8eb33ea8f05f6ef80acc625ab1c7cee5d84e6bfcb89982b2031897b38d,2026-02-10 03:50:11,
Q9NS15,LTBP3,downloaded,research/alphafold_countercurvature/data/raw/afdb/Q9NS15/Q9NS15.pdb,research/alphafold_countercurvature/data/raw/afdb/Q9NS15/Q9NS15_pae.json,869dc7d9aab499757327696233c1c5bfa40a0f7d062efa33dd1174f66bf78aa0,2026-02-10 03:50:13,
Q15043,SLC39A14,downloaded,research/alphafold_countercurvature/data/raw/afdb/Q15043/Q15043.pdb,research/alphafold_countercurvature/data/raw/afdb/Q15043/Q15043_pae.json,fc1da42eab7a785c979fc557820726ffaeccb658580ac288b21669752642fcee,2026-02-10 03:50:13,
P57679,EVC,downloaded,research/alphafold_countercurvature/data/raw/afdb/P57679/P57679.pdb,research/alphafold_countercurvature/data/raw/afdb/P57679/P57679_pae.json,990a5e22f0c73c4f693fc421644d7a1fd74a30fd2ca944369cea168e2ab185d0,2026-02-10 03:50:15,
Q9HBG6,IFT122,downloaded,research/alphafold_countercurvature/data/raw/afdb/Q9HBG6/Q9HBG6.pdb,research/alphafold_countercurvature/data/raw/afdb/Q9HBG6/Q9HBG6_pae.json,91ce0b8642f8b4c63807a0a00575e619bb2d909d03d929f7a1cb9d96c6215063,2026-02-10 03:50:16,
P20849,COL9A1,downloaded,research/alphafold_countercurvature/data/raw/afdb/P20849/P20849.pdb,research/alphafold_countercurvature/data/raw/afdb/P20849/P20849_pae.json,ab7f46c3af7cd423f421841e1a4c7d828e0f24a39df2a315537ae26ba4c4bf47,2026-02-10 03:50:17,
Q16236,NFE2L2,downloaded,research/alphafold_countercurvature/data/raw/afdb/Q16236/Q16236.pdb,research/alphafold_countercurvature/data/raw/afdb/Q16236/Q16236_pae.json,bb38410fbe65901ad891383e18e4e40c30f9df02292a1337f8f5ef2c6f595509,2026-02-10 03:50:19,
P29279,CCN2,downloaded,research/alphafold_countercurvature/data/raw/afdb/P29279/P29279.pdb,research/alphafold_countercurvature/data/raw/afdb/P29279/P29279_pae.json,8a759fa3fcc9afd7cc6e741945b09111f72c8cc57ca813a6096b09e039a576c7,2026-02-10 03:50:20,
Q96RY7,IFT140,downloaded,research/alphafold_countercurvature/data/raw/afdb/Q96RY7/Q96RY7.pdb,research/alphafold_countercurvature/data/raw/afdb/Q96RY7/Q96RY7_pae.json,6e901c30699d1634a2e0e61313fa716b7de64f79d46ec3642827ac956227fab9,2026-02-10 03:50:31,
P05019,IGF1,downloaded,research/alphafold_countercurvature/data/raw/afdb/P05019/P05019.pdb,research/alphafold_countercurvature/data/raw/afdb/P05019/P05019_pae.json,ab837cb0f1be1ffffc7a717981263ed66e733c86f1a6417feaacc3b18ec4638c,2026-02-10 03:50:32,
Q03692,COL10A1,downloaded,research/alphafold_countercurvature/data/raw/afdb/Q03692/Q03692.pdb,research/alphafold_countercurvature/data/raw/afdb/Q03692/Q03692_pae.json,3aefa104fa4dff086e70621ef1a59471f8a297c89cbaa43229272d8089afc79a,2026-02-10 03:50:36,
O43463,SUV39H1,downloaded,research/alphafold_countercurvature/data/raw/afdb/O43463/O43463.pdb,research/alphafold_countercurvature/data/raw/afdb/O43463/O43463_pae.json,0892403edc41a1c86ba615db170394923664697897d4b74b39559af5b6bffa07,2026-02-10 03:50:38,
Q923J1,TRPM7,downloaded,research/alphafold_countercurvature/data/raw/afdb/Q923J1/Q923J1.pdb,research/alphafold_countercurvature/data/raw/afdb/Q923J1/Q923J1_pae.json,439314ff784390232504e326a51815ccf0b46f56e5bb1be270f2f735595b0aed,2026-02-10 03:50:42,
Q9UHC6,CNTNAP2,downloaded,research/alphafold_countercurvature/data/raw/afdb/Q9UHC6/Q9UHC6.pdb,research/alphafold_countercurvature/data/raw/afdb/Q9UHC6/Q9UHC6_pae.json,c0e302435e577e1ae0c955c9d7a429df236df7e1c644ac11cfaf286ed902e4a9,2026-02-10 03:50:49,
Q8NHH1,TTLL11,downloaded,research/alphafold_countercurvature/data/raw/afdb/Q8NHH1/Q8NHH1.pdb,research/alphafold_countercurvature/data/raw/afdb/Q8NHH1/Q8NHH1_pae.json,54a2013d715498a97a13b6e88fe64aafcb6f4366b0fa28a564fdb64ea064b223,2026-02-10 03:50:51,
P51654,GPC3,downloaded,research/alphafold_countercurvature/data/raw/afdb/P51654/P51654.pdb,research/alphafold_countercurvature/data/raw/afdb/P51654/P51654_pae.json,2411b3d06a814078fb375a42491fffd677a66953f63fe2e8d9c58f548f2fd320,2026-02-10 03:50:53,
Q9P2L0,WDR35,downloaded,research/alphafold_countercurvature/data/raw/afdb/Q9P2L0/Q9P2L0.pdb,research/alphafold_countercurvature/data/raw/afdb/Q9P2L0/Q9P2L0_pae.json,d9c014b4d35eb8c3f37d73fa0e1e8e7e728d023715f3ecdc5dc90f21a1537d11,2026-02-10 03:50:54,
Q8WVJ9,TWIST2,downloaded,research/alphafold_countercurvature/data/raw/afdb/Q8WVJ9/Q8WVJ9.pdb,research/alphafold_countercurvature/data/raw/afdb/Q8WVJ9/Q8WVJ9_pae.json,eaf6d807af190e3f060c3d17b51f88f64ff5b2f4b1546c8cf2fc05f6f3230c34,2026-02-10 03:50:55,
P12272,PTHLH,downloaded,research/alphafold_countercurvature/data/raw/afdb/P12272/P12272.pdb,research/alphafold_countercurvature/data/raw/afdb/P12272/P12272_pae.json,65dc2ed7638c0dbd6d76bc980692fc04514b12e3ddb39206320c157342098fc5,2026-02-10 03:50:55,
P40763,STAT3,downloaded,research/alphafold_countercurvature/data/raw/afdb/P40763/P40763.pdb,research/alphafold_countercurvature/data/raw/afdb/P40763/P40763_pae.json,8c7052ae73805ca89e43ab4b01f6e85657a0f8dbef02ed0e47789ba67187f15b,2026-02-10 03:50:56,
Q8WYB5,KAT6B,downloaded,research/alphafold_countercurvature/data/raw/afdb/Q8WYB5/Q8WYB5.pdb,research/alphafold_countercurvature/data/raw/afdb/Q8WYB5/Q8WYB5_pae.json,ed571dba9d0e06eea63ec3624c06e4fffab2b9d41e7ddb8d5f0cab40a48f0194,2026-02-10 03:50:58,
Q7RTS9,DYM,downloaded,research/alphafold_countercurvature/data/raw/afdb/Q7RTS9/Q7RTS9.pdb,research/alphafold_countercurvature/data/raw/afdb/Q7RTS9/Q7RTS9_pae.json,52bba0a2aada6f3061346deb74cc8cbb0e777ac9f644ebccf8427ed26c0b7a1f,2026-02-10 03:50:59,
P08F94,PKHD1,not_found_afdb,,,,2026-02-10 03:50:59,
Q96PY6,NEK1,downloaded,research/alphafold_countercurvature/data/raw/afdb/Q96PY6/Q96PY6.pdb,research/alphafold_countercurvature/data/raw/afdb/Q96PY6/Q96PY6_pae.json,499ee42ea65cbc3d18498bc7e25a6840ee31fad91460e6008a3a9c862513198a,2026-02-10 03:51:00,
Q86SG6,NEK8,downloaded,research/alphafold_countercurvature/data/raw/afdb/Q86SG6/Q86SG6.pdb,research/alphafold_countercurvature/data/raw/afdb/Q86SG6/Q86SG6_pae.json,68b1d76a0ea47750f7c390c8452d80c46bba365c6678433ca8dc61cc8ce9aad1,2026-02-10 03:51:01,
P10451,SPP1,downloaded,research/alphafold_countercurvature/data/raw/afdb/P10451/P10451.pdb,research/alphafold_countercurvature/data/raw/afdb/P10451/P10451_pae.json,9f1178ebf8885d09d76d46f02b8ebb83abf39a16a71e3c35da2c1a179a2904c4,2026-02-10 03:51:01,
P27986,PIK3R1,downloaded,research/alphafold_countercurvature/data/raw/afdb/P27986/P27986.pdb,research/alphafold_countercurvature/data/raw/afdb/P27986/P27986_pae.json,e6061f359fa9f59a0b025059090acce33edf18db547256f9b1fe9cdfa909c054,2026-02-10 03:51:16,
P49023,PXN,downloaded,research/alphafold_countercurvature/data/raw/afdb/P49023/P49023.pdb,research/alphafold_countercurvature/data/raw/afdb/P49023/P49023_pae.json,38b3a7ddbf601d248bd66eb0ed4cd8219dd6f460f86e0197b15bea6b28947cb2,2026-02-10 03:51:17,
Q9UHC3,ASIC3,downloaded,research/alphafold_countercurvature/data/raw/afdb/Q9UHC3/Q9UHC3.pdb,research/alphafold_countercurvature/data/raw/afdb/Q9UHC3/Q9UHC3_pae.json,c82072220a50f5537d08787490ccc6a6fbdcf536aec8ba4f89e5ca401f0230cd,2026-02-10 03:51:21,
Q7Z3G6,PRICKLE2,downloaded,research/alphafold_countercurvature/data/raw/afdb/Q7Z3G6/Q7Z3G6.pdb,research/alphafold_countercurvature/data/raw/afdb/Q7Z3G6/Q7Z3G6_pae.json,8ec36d5cf6d90aeec5b98886c3d6367e9d2e9023ee6f80cd2e1064300b881086,2026-02-10 03:51:24,
Q96D98,UNCX,downloaded,research/alphafold_countercurvature/data/raw/afdb/Q96D98/Q96D98.pdb,research/alphafold_countercurvature/data/raw/afdb/Q96D98/Q96D98_pae.json,35753fc13500ce790bb64c206dcf5171eb696576b582374c8f286081098b50cd,2026-02-10 03:51:24,
Q9BXP8,PAPPA2,downloaded,research/alphafold_countercurvature/data/raw/afdb/Q9BXP8/Q9BXP8.pdb,research/alphafold_countercurvature/data/raw/afdb/Q9BXP8/Q9BXP8_pae.json,72092baf1b6e0854a65f22768c52d06b0701b57280be0eea47f3f9889bd01b12,2026-02-10 03:51:33,
P12830,CDH1,downloaded,research/alphafold_countercurvature/data/raw/afdb/P12830/P12830.pdb,research/alphafold_countercurvature/data/raw/afdb/P12830/P12830_pae.json,8592035e9202ec7b2fc30e0d9698811340f0ecb70c5457513d168281738519d0,2026-02-10 03:51:50,
O00744,WNT10B,downloaded,research/alphafold_countercurvature/data/raw/afdb/O00744/O00744.pdb,research/alphafold_countercurvature/data/raw/afdb/O00744/O00744_pae.json,968fa4008b6678ca285236882c2baae8f01eb4597cb8835610baf972f28d6400,2026-02-10 03:51:55,
P16615,ATP2A2,downloaded,research/alphafold_countercurvature/data/raw/afdb/P16615/P16615.pdb,research/alphafold_countercurvature/data/raw/afdb/P16615/P16615_pae.json,ccd42a91b5ac85bb549437ecf02ce2a5e18142fe8d08c8680c2ec719be749a24,2026-02-10 03:51:57,
Q9Y2T1,AXIN2,downloaded,research/alphafold_countercurvature/data/raw/afdb/Q9Y2T1/Q9Y2T1.pdb,research/alphafold_countercurvature/data/raw/afdb/Q9Y2T1/Q9Y2T1_pae.json,1237de83e3ec99a4118226c10658d8e81226ecd0a4c70a9e3e6208c444aabfb8,2026-02-10 03:52:05,
Q92806,KCNK2,downloaded,research/alphafold_countercurvature/data/raw/afdb/Q92806/Q92806.pdb,research/alphafold_countercurvature/data/raw/afdb/Q92806/Q92806_pae.json,871301e4cd0caa38516e989b9d3157b1fc980ffb56f386f34068b2dffef56976,2026-02-10 03:52:11,
O94886,TMEM63A,downloaded,research/alphafold_countercurvature/data/raw/afdb/O94886/O94886.pdb,research/alphafold_countercurvature/data/raw/afdb/O94886/O94886_pae.json,ab87f782a479d92ce9a6672b70dec5c57d42314f0c231a6bd93032c6fa743954,2026-02-10 03:52:18,
Q9BPX3,FUZ,downloaded,research/alphafold_countercurvature/data/raw/afdb/Q9BPX3/Q9BPX3.pdb,research/alphafold_countercurvature/data/raw/afdb/Q9BPX3/Q9BPX3_pae.json,dddbb0537694b8f0215bd8358e3a35387b417595599356a121034380ce724948,2026-02-11 23:51:39,
Q9Y210,TRPC6,downloaded,research/alphafold_countercurvature/data/raw/afdb/Q9Y210/Q9Y210.pdb,research/alphafold_countercurvature/data/raw/afdb/Q9Y210/Q9Y210_pae.json,ce1d7192f23bf578a1267e4cdcde1dc8b8df3f3dd22ee2de14ad174586653f16,2026-02-11 23:51:40,
Q00872,MYBPC1,downloaded,research/alphafold_countercurvature/data/raw/afdb/Q00872/Q00872.pdb,research/alphafold_countercurvature/data/raw/afdb/Q00872/Q00872_pae.json,127367ff84b0d116dd84e7c5a8a6afb6d1674ea9c0e9a8eceb1ea62e6775d346,2026-02-11 23:51:41,
P54821,PRRX1,downloaded,research/alphafold_countercurvature/data/raw/afdb/P54821/P54821.pdb,research/alphafold_countercurvature/data/raw/afdb/P54821/P54821_pae.json,88d5f0a8f6c8b7598ae9ec96b2b646e5997f70b3a700ec0d6b251b8cb2ed3ccb,2026-02-11 23:51:42,
Q14055,COL9A2,downloaded,research/alphafold_countercurvature/data/raw/afdb/Q14055/Q14055.pdb,research/alphafold_countercurvature/data/raw/afdb/Q14055/Q14055_pae.json,e83f3d821b64122721d084e197ac10abcd2dd47750db757b51855bc894690411,2026-02-11 23:51:43,
O60663,LMX1B,downloaded,research/alphafold_countercurvature/data/raw/afdb/O60663/O60663.pdb,research/alphafold_countercurvature/data/raw/afdb/O60663/O60663_pae.json,06f962e2fdbd787fc39f8d329782d26b38e1fe1cd9ce82e274204d6e7122a3b8,2026-02-11 23:51:45,
Q03001,DST,downloaded,research/alphafold_countercurvature/data/raw/afdb/Q03001/Q03001.pdb,research/alphafold_countercurvature/data/raw/afdb/Q03001/Q03001_pae.json,3b42f479629fa0ee6bb56369f9b5233f92a51c465317d291ab8deb8e6796bc20,2026-02-11 23:51:48,
Q9UJ55,MAGEL2,downloaded,research/alphafold_countercurvature/data/raw/afdb/Q9UJ55/Q9UJ55.pdb,research/alphafold_countercurvature/data/raw/afdb/Q9UJ55/Q9UJ55_pae.json,4336fe12e23086d28ea64c03c86f449730e9e8685a11c63e93b09c2d584805b7,2026-02-11 23:51:50,
Q16665,HIF1A,downloaded,research/alphafold_countercurvature/data/raw/afdb/Q16665/Q16665.pdb,research/alphafold_countercurvature/data/raw/afdb/Q16665/Q16665_pae.json,b52ee60205a9de2b6164d1510c3bb01ad370c08d7288a2ae21a0d52c93a5e7b4,2026-02-13 03:55:56,
Q7RTM1,OTOP1,downloaded,research/alphafold_countercurvature/data/raw/afdb/Q7RTM1/Q7RTM1.pdb,research/alphafold_countercurvature/data/raw/afdb/Q7RTM1/Q7RTM1_pae.json,7fb9199cd653f40265a08ce0b1528997e455e590237a02729dc52874f42bc8ce,2026-02-13 03:56:35,
P20393,NR1D1,downloaded,research/alphafold_countercurvature/data/raw/afdb/P20393/P20393.pdb,research/alphafold_countercurvature/data/raw/afdb/P20393/P20393_pae.json,ac9f7a559e4de8459d4a45cb2aff01dab2ec91629cf1f9bfe4438469dc6b4143,2026-02-13 03:56:37,
Q02809,PLOD1,downloaded,research/alphafold_countercurvature/data/raw/afdb/Q02809/Q02809.pdb,research/alphafold_countercurvature/data/raw/afdb/Q02809/Q02809_pae.json,4f761340c9bbd4d0a07bc9e97bb3abd45d5652b4e86e8613f9cf6daba79834d5,2026-02-13 03:56:53,
Q6NSZ9,CCDC57,downloaded,research/alphafold_countercurvature/data/raw/afdb/Q6NSZ9/Q6NSZ9.pdb,research/alphafold_countercurvature/data/raw/afdb/Q6NSZ9/Q6NSZ9_pae.json,afd990a47501ad3db051fef121dff32bd552d0e0185bd0e129fdbd534ad25fa6,2026-02-13 03:57:24,
P28347,TEAD1,downloaded,research/alphafold_countercurvature/data/raw/afdb/P28347/P28347.pdb,research/alphafold_countercurvature/data/raw/afdb/P28347/P28347_pae.json,a759ee997540556a3808dcbdd66f4182a9ca7df3cce5d00d6116f1698492a490,2026-02-13 03:57:28,
O15516,CLOCK,downloaded,research/alphafold_countercurvature/data/raw/afdb/O15516/O15516.pdb,research/alphafold_countercurvature/data/raw/afdb/O15516/O15516_pae.json,46035fff7d649bc4fba71d6979dde97a2b8c55c7bda5c63f191bfc7c66eda2d1,2026-02-13 03:57:30,
P50454,SERPINH1,downloaded,research/alphafold_countercurvature/data/raw/afdb/P50454/P50454.pdb,research/alphafold_countercurvature/data/raw/afdb/P50454/P50454_pae.json,fc1af95ed9a59f5ea7f7bfb5b1aa88b4a75631d86e52a8c22f7f295d1a9fd7bb,2026-02-13 03:57:31,
P35556,FBN2,downloaded,research/alphafold_countercurvature/data/raw/afdb/P35556/P35556.pdb,research/alphafold_countercurvature/data/raw/afdb/P35556/P35556_pae.json,064377786e840ae23faf71e5d3df9c984608130df8ba6f7cebb95eabbe6b4617,2026-02-13 03:57:34,
Q13402,MYO7A,downloaded,research/alphafold_countercurvature/data/raw/afdb/Q13402/Q13402.pdb,research/alphafold_countercurvature/data/raw/afdb/Q13402/Q13402_pae.json,abf9bf409e15e5f296801896e487f72d633842082f3baf437f788f970ce2db18,2026-02-13 03:57:40,
Q9Y6J9,ETV1,downloaded,research/alphafold_countercurvature/data/raw/afdb/Q9Y6J9/Q9Y6J9.pdb,research/alphafold_countercurvature/data/raw/afdb/Q9Y6J9/Q9Y6J9_pae.json,429d9f1967e8af2e64b1365c872e1c053aa55ccd712921f871c31ba304ac97d6,2026-02-13 03:57:42,
Q96AC1,FERMT2,downloaded,research/alphafold_countercurvature/data/raw/afdb/Q96AC1/Q96AC1.pdb,research/alphafold_countercurvature/data/raw/afdb/Q96AC1/Q96AC1_pae.json,0842f7b652e83fa9010a1397ee4636a44d6d5a7ca502154125f317474f120cb1,2026-02-13 03:57:47,
Q9H251,CDH23,downloaded,research/alphafold_countercurvature/data/raw/afdb/Q9H251/Q9H251.pdb,research/alphafold_countercurvature/data/raw/afdb/Q9H251/Q9H251_pae.json,92060253b8f6834f100e8d0b921d7196c0d988dedabd3584801c9a96dedc3bb4,2026-02-13 03:57:50,
P08123,COL1A2,downloaded,research/alphafold_countercurvature/data/raw/afdb/P08123/P08123.pdb,research/alphafold_countercurvature/data/raw/afdb/P08123/P08123_pae.json,95cbf2bc0762c73f86d9e24701875201bbd0fbde9128a18c3fe780385cf6ed42,2026-02-13 03:57:52,
Q01974,ROR2,downloaded,research/alphafold_countercurvature/data/raw/afdb/Q01974/Q01974.pdb,research/alphafold_countercurvature/data/raw/afdb/Q01974/Q01974_pae.json,020e8d3fe375795224c1c74ccdab6e15057bf57af755fb2f5ff69908a9c11a94,2026-02-13 03:57:55,
P36897,TGFBR1,downloaded,research/alphafold_countercurvature/data/raw/afdb/P36897/P36897.pdb,research/alphafold_countercurvature/data/raw/afdb/P36897/P36897_pae.json,c662f3971129998de58816b2af3bd13e263bdb77b4cca4cd13a5b527cdc634fc,2026-02-13 03:57:59,
Q9Y496,KIF3A,downloaded,research/alphafold_countercurvature/data/raw/afdb/Q9Y496/Q9Y496.pdb,research/alphafold_countercurvature/data/raw/afdb/Q9Y496/Q9Y496_pae.json,a96e2d72a195f20ca64894ce2c22a8d277dbf2c3a6405f39d3d7105439e738a6,2026-02-16 23:52:27,
P16112,ACAN,downloaded,research/alphafold_countercurvature/data/raw/afdb/P16112/P16112.pdb,research/alphafold_countercurvature/data/raw/afdb/P16112/P16112_pae.json,1add4f2ded43c6b5028716e2e2af73f1f73761a85709685d0e6d0bb3db9a2706,2026-02-16 23:52:31,
Q9GZV5,WWTR1,downloaded,research/alphafold_countercurvature/data/raw/afdb/Q9GZV5/Q9GZV5.pdb,research/alphafold_countercurvature/data/raw/afdb/Q9GZV5/Q9GZV5_pae.json,f178cab03a32048b285244137f52edba552667d4f5d32f7037c4440909c9e3c9,2026-02-16 23:52:33,
Q7Z2K8,ADGRG6,downloaded,research/alphafold_countercurvature/data/raw/afdb/Q7Z2K8/Q7Z2K8.pdb,research/alphafold_countercurvature/data/raw/afdb/Q7Z2K8/Q7Z2K8_pae.json,ebc345ed1edf37d072075bb6baeed2f679b155d18512480ad22f586fadc296f9,2026-02-16 23:53:02,
O75369,FLNB,downloaded,research/alphafold_countercurvature/data/raw/afdb/O75369/O75369.pdb,research/alphafold_countercurvature/data/raw/afdb/O75369/O75369_pae.json,5aeedf0d255e19e3629c504190dccbf27b107d8190d361abf9dacca3e7b4b402,2026-02-16 23:53:06,
Q969V1,UTS2R,downloaded,research/alphafold_countercurvature/data/raw/afdb/Q969V1/Q969V1.pdb,research/alphafold_countercurvature/data/raw/afdb/Q969V1/Q969V1_pae.json,7b12b12744e183bf943a2d3bdb2e2c125acf764749a33cd694189d4e12481f39,2026-02-16 23:53:08,
P48436,SOX9,downloaded,research/alphafold_countercurvature/data/raw/afdb/P48436/P48436.pdb,research/alphafold_countercurvature/data/raw/afdb/P48436/P48436_pae.json,8d959d14a32258f5faebf7884127890650d082e0487f8efa754d932c726313c0,2026-02-16 23:53:10,
Q9ULK5,VANGL2,downloaded,research/alphafold_countercurvature/data/raw/afdb/Q9ULK5/Q9ULK5.pdb,research/alphafold_countercurvature/data/raw/afdb/Q9ULK5/Q9ULK5_pae.json,4015ae849eecb2acffd45d629d8b08284cd3107665198c32c4b9feeaa4340013,2026-02-16 23:53:19,
P46531,NOTCH1,downloaded,research/alphafold_countercurvature/data/raw/afdb/P46531/P46531.pdb,research/alphafold_countercurvature/data/raw/afdb/P46531/P46531_pae.json,f3259360cec318a3ae1b830c2705df9e923f41bfd5e6f8a9a6acc83fd3dd5ff3,2026-02-16 23:53:22,
Q8TAA9,VANGL1,downloaded,research/alphafold_countercurvature/data/raw/afdb/Q8TAA9/Q8TAA9.pdb,research/alphafold_countercurvature/data/raw/afdb/Q8TAA9/Q8TAA9_pae.json,cfeebe66e19594209fea998c29a95d4348ec1cfe5eea738620184b1432cabe0c,2026-02-16 23:53:24,
P02458,COL2A1,downloaded,research/alphafold_countercurvature/data/raw/afdb/P02458/P02458.pdb,research/alphafold_countercurvature/data/raw/afdb/P02458/P02458_pae.json,bdf0fc4ee27ae94293c3b01f0fafebb7e0ed727bfe4ba3fb3e47b2f5191df667,2026-02-16 23:54:00,
Q05397,PTK2,downloaded,research/alphafold_countercurvature/data/raw/afdb/Q05397/Q05397.pdb,research/alphafold_countercurvature/data/raw/afdb/Q05397/Q05397_pae.json,10073c787571e05184e8cab42d2b977a73ff5b49fe45fade981691bf72bb4892,2026-02-16 23:54:24,
Q13563,PKD2,downloaded,research/alphafold_countercurvature/data/raw/afdb/Q13563/Q13563.pdb,research/alphafold_countercurvature/data/raw/afdb/Q13563/Q13563_pae.json,5d367da98bffc93bc649e6c24fc29ba01e0c38f70c5554b2faab80dddd05b196,2026-02-16 23:54:27,
Q9NYJ7,DLL3,downloaded,research/alphafold_countercurvature/data/raw/afdb/Q9NYJ7/Q9NYJ7.pdb,research/alphafold_countercurvature/data/raw/afdb/Q9NYJ7/Q9NYJ7_pae.json,692af034fb0b1a69d9b6e49c9fa7255b820b1c821c835b08a7f564816cfa0c07,2026-02-16 23:54:29,
P19022,CDH2,downloaded,research/alphafold_countercurvature/data/raw/afdb/P19022/P19022.pdb,research/alphafold_countercurvature/data/raw/afdb/P19022/P19022_pae.json,939c13893f15585c84e341378a02a6fc59fd10bf47e154e1382fa1dd91b7033d,2026-02-16 23:54:31,
P11362,FGFR1,downloaded,research/alphafold_countercurvature/data/raw/afdb/P11362/P11362.pdb,research/alphafold_countercurvature/data/raw/afdb/P11362/P11362_pae.json,2e0f3358b09fb705d24b4f0b79cccd2ae0f4921c4d37e34d34f8b73e87c36061,2026-02-16 23:54:33,
Q9LBK6,HES7,not_found_afdb,,,,2026-02-16 23:54:34,
Q03431,PTH1R,downloaded,research/alphafold_countercurvature/data/raw/afdb/Q03431/Q03431.pdb,research/alphafold_countercurvature/data/raw/afdb/Q03431/Q03431_pae.json,d77e5df34ab9f676b467eb61846bb8118d68295a2da80d94b909fd351e9b49af,2026-02-16 23:54:36,
Q14160,SCRIB,downloaded,research/alphafold_countercurvature/data/raw/afdb/Q14160/Q14160.pdb,research/alphafold_countercurvature/data/raw/afdb/Q14160/Q14160_pae.json,bfff1f9a2df64f802fe2936f6db1da699d7576a5ac8ad31a486885e351a3c57d,2026-02-16 23:54:39,
P60709,ACTB,downloaded,research/alphafold_countercurvature/data/raw/afdb/P60709/P60709.pdb,research/alphafold_countercurvature/data/raw/afdb/P60709/P60709_pae.json,0dd9eff078abb2c98591049a7b8d5160fd4ec8cd2a365fef214bd7322bf98e0d,2026-02-16 23:54:40,
P07437,TUBB,downloaded,research/alphafold_countercurvature/data/raw/afdb/P07437/P07437.pdb,research/alphafold_countercurvature/data/raw/afdb/P07437/P07437_pae.json,a4bee84e1729e5fe27f59ed129879e13efcb016ee41054f73fb907d09df75ace,2026-02-16 23:54:42,
Q9HBA0,TRPV4,downloaded,research/alphafold_countercurvature/data/raw/afdb/Q9HBA0/Q9HBA0.pdb,research/alphafold_countercurvature/data/raw/afdb/Q9HBA0/Q9HBA0_pae.json,158c4a0a5198230c35d0ca5b863d72eef6cf4eaac041d4f7d6efd2509bff7a44,2026-02-16 23:54:45,
Q9NYQ6,CELSR1,downloaded,research/alphafold_countercurvature/data/raw/afdb/Q9NYQ6/Q9NYQ6.pdb,research/alphafold_countercurvature/data/raw/afdb/Q9NYQ6/Q9NYQ6_pae.json,f52517bda6956337a556e1971bd6ed276f73e83f738c603cca13d56a167ee494,2026-02-16 23:54:48,
P12107,COL11A1,downloaded,research/alphafold_countercurvature/data/raw/afdb/P12107/P12107.pdb,research/alphafold_countercurvature/data/raw/afdb/P12107/P12107_pae.json,7be77d538ee5d6b8343d40379899c0b23eb708d42e8e4a98b468e3b3e8888a47,2026-02-16 23:54:51,
P24043,LAMA2,not_found_afdb,,,,2026-02-16 23:54:51,
P12644,BMP4,downloaded,research/alphafold_countercurvature/data/raw/afdb/P12644/P12644.pdb,research/alphafold_countercurvature/data/raw/afdb/P12644/P12644_pae.json,7b3581216c29595a01f55e4feafbbcd3da20192a45da61f1d59acd0615de4e23,2026-02-16 23:54:53,
P41221,WNT5A,downloaded,research/alphafold_countercurvature/data/raw/afdb/P41221/P41221.pdb,research/alphafold_countercurvature/data/raw/afdb/P41221/P41221_pae.json,da5f1cf92804241f9c7df29d3438dacf2a4c91d7d9feb8c38455ea6ad3f2e8c8,2026-02-16 23:54:55,
P49747,COMP,downloaded,research/alphafold_countercurvature/data/raw/afdb/P49747/P49747.pdb,research/alphafold_countercurvature/data/raw/afdb/P49747/P49747_pae.json,e57f191353e0d70b6fc292218eceaee347d99386ff346bc71c9a0ab0b4a08aa2,2026-02-16 23:54:56,
Q8TDX9,PKD1L1,downloaded,research/alphafold_countercurvature/data/raw/afdb/Q8TDX9/Q8TDX9.pdb,research/alphafold_countercurvature/data/raw/afdb/Q8TDX9/Q8TDX9_pae.json,16e7e64306d60fe789a9ce8c833e1ab9bc38e99e4f5c86e9c8e81094ec4fa3da,2026-02-16 23:54:59,
Q15465,SHH,downloaded,research/alphafold_countercurvature/data/raw/afdb/Q15465/Q15465.pdb,research/alphafold_countercurvature/data/raw/afdb/Q15465/Q15465_pae.json,d987710e1646af195c9645b4ecf8b07b518f58351f7aa0be4260a908f5732e25,2026-02-16 23:55:02,
Q13950,RUNX2,downloaded,research/alphafold_countercurvature/data/raw/afdb/Q13950/Q13950.pdb,research/alphafold_countercurvature/data/raw/afdb/Q13950/Q13950_pae.json,2e6609d4d69bc2d5ddb24337e7ef75b05e139c7c55e42258e2e25fabfa722648,2026-02-16 23:55:04,
Q8NES3,LFNG,downloaded,research/alphafold_countercurvature/data/raw/afdb/Q8NES3/Q8NES3.pdb,research/alphafold_countercurvature/data/raw/afdb/Q8NES3/Q8NES3_pae.json,cb0208fd691875228d9d78b22794ca8af601744b29c5d1b094298fdd8edd2de8,2026-02-16 23:55:06,
Q6ZMV9,KIF6,downloaded,research/alphafold_countercurvature/data/raw/afdb/Q6ZMV9/Q6ZMV9.pdb,research/alphafold_countercurvature/data/raw/afdb/Q6ZMV9/Q6ZMV9_pae.json,4582130a99073dd4048851d348065083ec8b794433fccb71cf32bffab0e86d06,2026-02-16 23:55:08,
Q03135,CAV1,downloaded,research/alphafold_countercurvature/data/raw/afdb/Q03135/Q03135.pdb,research/alphafold_countercurvature/data/raw/afdb/Q03135/Q03135_pae.json,91e2ac4cb30f5aefa3a60ab44e6477fb55742b415bf366df62db566c1b76dd8d,2026-02-16 23:55:10,
P98160,HSPG2,not_found_afdb,,,,2026-02-16 23:55:10,
P21941,MATN1,downloaded,research/alphafold_countercurvature/data/raw/afdb/P21941/P21941.pdb,research/alphafold_countercurvature/data/raw/afdb/P21941/P21941_pae.json,5239b1c77677358b226bbf214814339c333f660d5e4e1d610b1cc90da6f697a7,2026-02-16 23:55:12,
P56704,WNT3A,downloaded,research/alphafold_countercurvature/data/raw/afdb/P56704/P56704.pdb,research/alphafold_countercurvature/data/raw/afdb/P56704/P56704_pae.json,f031757e87b4771dc2cf8e4a638de57a6541d66961af0a4969e2c4075346d72b,2026-02-16 23:55:14,
O60565,GREM1,downloaded,research/alphafold_countercurvature/data/raw/afdb/O60565/O60565.pdb,research/alphafold_countercurvature/data/raw/afdb/O60565/O60565_pae.json,0bc4a565b4add44cc44bf84da22e0757721f0cc1a7cddc4598eafc9fcea0de4b,2026-02-16 23:55:16,
Q96EB6,SIRT1,downloaded,research/alphafold_countercurvature/data/raw/afdb/Q96EB6/Q96EB6.pdb,research/alphafold_countercurvature/data/raw/afdb/Q96EB6/Q96EB6_pae.json,26f69c72f1020b1ceb018c185d33a23a6a9e22637f397da1188ee374fb133bc8,2026-02-16 23:55:20,
Q8IX30,SCUBE3,downloaded,research/alphafold_countercurvature/data/raw/afdb/Q8IX30/Q8IX30.pdb,research/alphafold_countercurvature/data/raw/afdb/Q8IX30/Q8IX30_pae.json,ed1870873838b50757f5ba94b7b65fe9d2db5b10d3c692d7e758e80b9e7f083f,2026-02-16 23:55:22,
P14653,HOXB1,downloaded,research/alphafold_countercurvature/data/raw/afdb/P14653/P14653.pdb,research/alphafold_countercurvature/data/raw/afdb/P14653/P14653_pae.json,c1dd0bb9447fdc7276de3fb3b21114ae4192d4b018177d099d8828c68f3dacab,2026-02-16 23:55:24,
P38936,CDKN1A,downloaded,research/alphafold_countercurvature/data/raw/afdb/P38936/P38936.pdb,research/alphafold_countercurvature/data/raw/afdb/P38936/P38936_pae.json,8edbd961610f6922e3c427b2de10272df52edfb2f624c3c90b6803bd77265d23,2026-02-16 23:55:26,
P15863,PAX1,downloaded,research/alphafold_countercurvature/data/raw/afdb/P15863/P15863.pdb,research/alphafold_countercurvature/data/raw/afdb/P15863/P15863_pae.json,d2b4bbdc7bc244d3a674043dcb2038697c7e41c76d6df04e27b3838973252073,2026-02-16 23:56:04,
P78367,NKX3-2,downloaded,research/alphafold_countercurvature/data/raw/afdb/P78367/P78367.pdb,research/alphafold_countercurvature/data/raw/afdb/P78367/P78367_pae.json,517a07bf878ee795d70602a4b3d5adefda6d7d2f48034dc84ccdf3006708bd82,2026-02-16 23:56:05,
P12109,COL6A1,downloaded,research/alphafold_countercurvature/data/raw/afdb/P12109/P12109.pdb,research/alphafold_countercurvature/data/raw/afdb/P12109/P12109_pae.json,6a977e675eda1130c65c5a44ea7b16b12c5fedf3b0c62bade6a82c02181f5e7c,2026-02-16 23:56:08,
Q13642,FHL1,downloaded,research/alphafold_countercurvature/data/raw/afdb/Q13642/Q13642.pdb,research/alphafold_countercurvature/data/raw/afdb/Q13642/Q13642_pae.json,1b70e2627181ce408de62975cd5b3b958eabd60436cb289c7f6abaacf310b0f8,2026-02-16 23:56:10,
Q6KF10,GDF6,downloaded,research/alphafold_countercurvature/data/raw/afdb/Q6KF10/Q6KF10.pdb,research/alphafold_countercurvature/data/raw/afdb/Q6KF10/Q6KF10_pae.json,8ac87cb8b22f2d1c88b50d0e60260c1ae875d35ac718ee87a3d4cb34e5e0d621,2026-02-16 23:56:11,
O14640,DVL1,downloaded,research/alphafold_countercurvature/data/raw/afdb/O14640/O14640.pdb,research/alphafold_countercurvature/data/raw/afdb/O14640/O14640_pae.json,c4f6c84e3e50bcc00cfb46cee824183d0952b85d80334e2dc57ccf11bc86df9e,2026-02-16 23:56:21,
O75197,LRP5,downloaded,research/alphafold_countercurvature/data/raw/afdb/O75197/O75197.pdb,research/alphafold_countercurvature/data/raw/afdb/O75197/O75197_pae.json,a05d16ca86baa9bb417a672d1be809def84951ea6b1af5805a454619df68a806,2026-02-16 23:56:24,
Q8NF91,SYNE1,downloaded,research/alphafold_countercurvature/data/raw/afdb/Q8NF91/Q8NF91.pdb,research/alphafold_countercurvature/data/raw/afdb/Q8NF91/Q8NF91_pae.json,0276e0d42728a0808287e4fe8d899e4fb4fb5a906e52740916e370a4096ce0e1,2026-02-16 23:56:26,
P21817,RYR1,not_found_afdb,,,,2026-02-16 23:56:27,
P50221,MEOX1,downloaded,research/alphafold_countercurvature/data/raw/afdb/P50221/P50221.pdb,research/alphafold_countercurvature/data/raw/afdb/P50221/P50221_pae.json,5dd86183eb61e0de29e8de5874b816f1cf477e5f0e04f9a2c562143ff668ea71,2026-02-16 23:56:29,
Q9NR23,GDF3,downloaded,research/alphafold_countercurvature/data/raw/afdb/Q9NR23/Q9NR23.pdb,research/alphafold_countercurvature/data/raw/afdb/Q9NR23/Q9NR23_pae.json,1de76054af523bdabe8b10b326882811119effae5008b35cdd800e4d1b630c2a,2026-02-16 23:56:31,
Q96MT3,PRICKLE1,downloaded,research/alphafold_countercurvature/data/raw/afdb/Q96MT3/Q96MT3.pdb,research/alphafold_countercurvature/data/raw/afdb/Q96MT3/Q96MT3_pae.json,41bc60f2293fa7d53a0e9d97331675f6a491879f80409c8775d311b46dc7892d,2026-02-16 23:56:33,
P03372,ESR1,downloaded,research/alphafold_countercurvature/data/raw/afdb/P03372/P03372.pdb,research/alphafold_countercurvature/data/raw/afdb/P03372/P03372_pae.json,2fa13dc7aaca375b258691e99c228cbe5970692fb1793be69690370c9543c2c1,2026-02-16 23:56:37,
P03956,MMP1,downloaded,research/alphafold_countercurvature/data/raw/afdb/P03956/P03956.pdb,research/alphafold_countercurvature/data/raw/afdb/P03956/P03956_pae.json,4699053af4e4dad1a564af516b17c4347cbb3f7078dca2e0c74c2670ac5f9531,2026-02-16 23:56:38,
P08254,MMP3,downloaded,research/alphafold_countercurvature/data/raw/afdb/P08254/P08254.pdb,research/alphafold_countercurvature/data/raw/afdb/P08254/P08254_pae.json,10fa153e37c8fc53abdd6001f4d363f1bd91e760db2f248dedaec3c07df7a8fd,2026-02-16 23:56:40,
P37231,PPARG,downloaded,research/alphafold_countercurvature/data/raw/afdb/P37231/P37231.pdb,research/alphafold_countercurvature/data/raw/afdb/P37231/P37231_pae.json,f317ff662ca91befffb74c9046a2139c0169c992323e851ade88d992a946aae8,2026-02-16 23:56:42,
P28300,LOX,downloaded,research/alphafold_countercurvature/data/raw/afdb/P28300/P28300.pdb,research/alphafold_countercurvature/data/raw/afdb/P28300/P28300_pae.json,a741004c622a0b7969cca217aa9813c01b8f3b70275d31d72cccf049f8bb4a3d,2026-02-16 23:56:44,
Q9Y283,INVS,downloaded,research/alphafold_countercurvature/data/raw/afdb/Q9Y283/Q9Y283.pdb,research/alphafold_countercurvature/data/raw/afdb/Q9Y283/Q9Y283_pae.json,838797d4bd78007501cbc5c2e322ddef0d35fe862cd6f1416b4448e1bbcf8265,2026-02-16 23:56:48,
P98161,PKD1,not_found_afdb,,,,2026-02-16 23:56:49,
P04179,SOD2,downloaded,research/alphafold_countercurvature/data/raw/afdb/P04179/P04179.pdb,research/alphafold_countercurvature/data/raw/afdb/P04179/P04179_pae.json,0026b2340645c3f3ee0859b500ec0defca461c8167edd0f20e2a1ff16f7ea20d,2026-02-16 23:56:50,
O14793,MSTN,downloaded,research/alphafold_countercurvature/data/raw/afdb/O14793/O14793.pdb,research/alphafold_countercurvature/data/raw/afdb/O14793/O14793_pae.json,89ca69cab68516ba8a9d6e155d05b011a1155235be51c0dae1d424f12949d638,2026-02-16 23:56:52,
Q9BQB4,SOST,downloaded,research/alphafold_countercurvature/data/raw/afdb/Q9BQB4/Q9BQB4.pdb,research/alphafold_countercurvature/data/raw/afdb/Q9BQB4/Q9BQB4_pae.json,be85a49871de5fa2b35a485d76910d48ee4331d7c9c3504c84ae12a5dbbaa0a2,2026-02-16 23:56:54,
Q04721,NOTCH2,downloaded,research/alphafold_countercurvature/data/raw/afdb/Q04721/Q04721.pdb,research/alphafold_countercurvature/data/raw/afdb/Q04721/Q04721_pae.json,fd5bdb09b0b0ff92a34c354eecfbf7549d9ce10fb4fde1d527b2925aef30f483,2026-02-16 23:56:57,
Q5TAB7,RIPPLY2,downloaded,research/alphafold_countercurvature/data/raw/afdb/Q5TAB7/Q5TAB7.pdb,research/alphafold_countercurvature/data/raw/afdb/Q5TAB7/Q5TAB7_pae.json,acc974e4b81152fb7d3d1b57d40fd14a4e016542a6f6cd4ac8c570a9e898e890,2026-02-16 23:56:59,
Q14623,IHH,downloaded,research/alphafold_countercurvature/data/raw/afdb/Q14623/Q14623.pdb,research/alphafold_countercurvature/data/raw/afdb/Q14623/Q14623_pae.json,30a62d7fe1e5a55b4823af004ebc97e0e4eb7356d27f03541e41c22f80c3978a,2026-02-16 23:57:00,
P17302,GJA1,downloaded,research/alphafold_countercurvature/data/raw/afdb/P17302/P17302.pdb,research/alphafold_countercurvature/data/raw/afdb/P17302/P17302_pae.json,ff3b45d1b0556b2e95aa27db330bd69947c3a5e2308df549ce7b53d0c16fa16d,2026-02-16 23:57:02,
Q15942,ZYX,downloaded,research/alphafold_countercurvature/data/raw/afdb/Q15942/Q15942.pdb,research/alphafold_countercurvature/data/raw/afdb/Q15942/Q15942_pae.json,e2d2d0079a52e1778d492f8139ff1263bd2a6c7b56814f2046b02c02954bdb6d,2026-02-16 23:57:04,
Q8NFJ9,BBS1,downloaded,research/alphafold_countercurvature/data/raw/afdb/Q8NFJ9/Q8NFJ9.pdb,research/alphafold_countercurvature/data/raw/afdb/Q8NFJ9/Q8NFJ9_pae.json,ca3bbea59447582f3ba23b9d31c524a2f9eba55801f92b62729be8835e65b2a0,2026-02-16 23:57:07,
Q68CZ1,RPGRIP1L,downloaded,research/alphafold_countercurvature/data/raw/afdb/Q68CZ1/Q68CZ1.pdb,research/alphafold_countercurvature/data/raw/afdb/Q68CZ1/Q68CZ1_pae.json,1fbd9a7b470e05714c537786650e051a5945d64e84a8c0d89c697692ff8f5f53,2026-02-16 23:57:09,
Q92949,FOXJ1,downloaded,research/alphafold_countercurvature/data/raw/afdb/Q92949/Q92949.pdb,research/alphafold_countercurvature/data/raw/afdb/Q92949/Q92949_pae.json,447ce276e4138452a4eb7abfe29e7d7d1246bb5a5095b29f29a55e15ab70622e,2026-02-16 23:57:12,
Q96JM2,ZNF462,downloaded,research/alphafold_countercurvature/data/raw/afdb/Q96JM2/Q96JM2.pdb,research/alphafold_countercurvature/data/raw/afdb/Q96JM2/Q96JM2_pae.json,3bfae957f1ff17d14f99d6411b9b83d41e449d8764c0028bcfd1600ef98e9564,2026-02-16 23:57:15,
P35354,PTGS2,downloaded,research/alphafold_countercurvature/data/raw/afdb/P35354/P35354.pdb,research/alphafold_countercurvature/data/raw/afdb/P35354/P35354_pae.json,0d64f38295da66c3935c8d4c85626623b15da598873d1293f1908740b5a06ea4,2026-02-16 23:57:16,
P84022,SMAD3,downloaded,research/alphafold_countercurvature/data/raw/afdb/P84022/P84022.pdb,research/alphafold_countercurvature/data/raw/afdb/P84022/P84022_pae.json,a2d836820c81c6cbfc7509fc0280e6715d6ee1ad4cc8ef5d2e647f2570f70b13,2026-02-16 23:57:22,
Q4G0X9,CCDC40,downloaded,research/alphafold_countercurvature/data/raw/afdb/Q4G0X9/Q4G0X9.pdb,research/alphafold_countercurvature/data/raw/afdb/Q4G0X9/Q4G0X9_pae.json,4a870f5fb3dd548b704818c44e4972cd23f0e242cedc09dda7bcc593890381e3,2026-02-16 23:57:25,
Q2M1P5,KIF7,downloaded,research/alphafold_countercurvature/data/raw/afdb/Q2M1P5/Q2M1P5.pdb,research/alphafold_countercurvature/data/raw/afdb/Q2M1P5/Q2M1P5_pae.json,deb911849f37f3a02632a658f92d6c8d7e63f0a2bc1fe6f51313c6aa7de101c1,2026-02-16 23:57:28,
Q15672,TWIST1,downloaded,research/alphafold_countercurvature/data/raw/afdb/Q15672/Q15672.pdb,research/alphafold_countercurvature/data/raw/afdb/Q15672/Q15672_pae.json,921ab30a490f9a25f82c8aba1bb7e31ce0c523662bb4de7f51eaaade7f8dc5ed,2026-02-16 23:57:29,
Q15063,POSTN,downloaded,research/alphafold_countercurvature/data/raw/afdb/Q15063/Q15063.pdb,research/alphafold_countercurvature/data/raw/afdb/Q15063/Q15063_pae.json,2d991f42fc0b29ffbe2f67bdf1e6c841115e203863be99bc1fd3486ffc7c66cf,2026-02-16 23:57:31,
Q96DT5,DNAH11,not_found_afdb,,,,2026-02-16 23:57:36,
Q5T0F0,CFAP298,not_found_afdb,,,,2026-02-16 23:57:37,
O95995,GAS8,downloaded,research/alphafold_countercurvature/data/raw/afdb/O95995/O95995.pdb,research/alphafold_countercurvature/data/raw/afdb/O95995/O95995_pae.json,3894c10dc142468e3b0884b25245272c6b5b374ea7f09033e6a645edd516b6e2,2026-02-16 23:57:39,
O00469,PLOD2,downloaded,research/alphafold_countercurvature/data/raw/afdb/O00469/O00469.pdb,research/alphafold_countercurvature/data/raw/afdb/O00469/O00469_pae.json,f27fb76527383eb8b8087c407c1cb8fe8d7bd63133c2fe5549667df108690e54,2026-02-16 23:57:41,
P35222,CTNNB1,downloaded,research/alphafold_countercurvature/data/raw/afdb/P35222/P35222.pdb,research/alphafold_countercurvature/data/raw/afdb/P35222/P35222_pae.json,9c02a6ec1d422bcbaa7da290e50c099a379510c40a5620682020f8424120cbef,2026-02-16 23:57:43,
Q13253,NOG,downloaded,research/alphafold_countercurvature/data/raw/afdb/Q13253/Q13253.pdb,research/alphafold_countercurvature/data/raw/afdb/Q13253/Q13253_pae.json,b1d05b2964ccdde92cee78522375b9e9419041942b874c5e62bb1d005e57b745,2026-02-16 23:57:44,
P31749,AKT1,downloaded,research/alphafold_countercurvature/data/raw/afdb/P31749/P31749.pdb,research/alphafold_countercurvature/data/raw/afdb/P31749/P31749_pae.json,76beb2c6fdfdada1eea8583ef5c23e2f9e8708c81fbe7e6fc9fde7c698e90cca,2026-02-16 23:57:46,
Q13485,SMAD4,downloaded,research/alphafold_countercurvature/data/raw/afdb/Q13485/Q13485.pdb,research/alphafold_countercurvature/data/raw/afdb/Q13485/Q13485_pae.json,9f58a8b0da859915ab82a5d9f60cf30d4aa81d0f9aff3cccebd068a07a826660,2026-02-16 23:57:48,
P61586,RHOA,downloaded,research/alphafold_countercurvature/data/raw/afdb/P61586/P61586.pdb,research/alphafold_countercurvature/data/raw/afdb/P61586/P61586_pae.json,30e5768f52719becc9962830f10edf1a400b360767201e57e1e30d4735640560,2026-02-16 23:57:49,
P35579,MYH9,downloaded,research/alphafold_countercurvature/data/raw/afdb/P35579/P35579.pdb,research/alphafold_countercurvature/data/raw/afdb/P35579/P35579_pae.json,43d38359c1f353de9eb46de3e3d4b08fedc087d217fb05a248445223bc1988d0,2026-02-16 23:57:52,
P21810,BGN,downloaded,research/alphafold_countercurvature/data/raw/afdb/P21810/P21810.pdb,research/alphafold_countercurvature/data/raw/afdb/P21810/P21810_pae.json,87cbcd03420d74600958ca0942864efb3017282f75d85f438003f688657493c8,2026-02-16 23:57:54,
P15311,EZR,downloaded,research/alphafold_countercurvature/data/raw/afdb/P15311/P15311.pdb,research/alphafold_countercurvature/data/raw/afdb/P15311/P15311_pae.json,bec5782ec37fecb78101a248983f6a5695c0f14bce3f8ed1e529b804407d5d5d,2026-02-16 23:57:56,
Q15599,SLC9A3R1,downloaded,research/alphafold_countercurvature/data/raw/afdb/Q15599/Q15599.pdb,research/alphafold_countercurvature/data/raw/afdb/Q15599/Q15599_pae.json,6bee9ba4ad3d7d23440c5029e75bd3017fd647810eade7ea237d00631aaa0e49,2026-02-16 23:57:57,
Q86TH1,ADAMTSL2,downloaded,research/alphafold_countercurvature/data/raw/afdb/Q86TH1/Q86TH1.pdb,research/alphafold_countercurvature/data/raw/afdb/Q86TH1/Q86TH1_pae.json,f17c050e8650621dc97088821ee339174f2ac5877030000244d67196a82331ed,2026-02-16 23:58:25,
Q8N2S1,LTBP4,downloaded,research/alphafold_countercurvature/data/raw/afdb/Q8N2S1/Q8N2S1.pdb,research/alphafold_countercurvature/data/raw/afdb/Q8N2S1/Q8N2S1_pae.json,067c1fe6701d743143a4ad5fbdf1346726830ec2056826430b062de68515b577,2026-02-16 23:58:28,
P42336,PIK3CA,downloaded,research/alphafold_countercurvature/data/raw/afdb/P42336/P42336.pdb,research/alphafold_countercurvature/data/raw/afdb/P42336/P42336_pae.json,8042943cec4d40cf92f40dd60eec4d3e42107e70cc2da678ba3260e8ef38f244,2026-02-16 23:58:30,
P20908,COL5A1,downloaded,research/alphafold_countercurvature/data/raw/afdb/P20908/P20908.pdb,research/alphafold_countercurvature/data/raw/afdb/P20908/P20908_pae.json,c5a4769b771353b79a98bb1b06a39ca37bbf55fa15a6061b610acc7dedd27231,2026-02-16 23:58:33,
P22105,TNXB,downloaded,research/alphafold_countercurvature/data/raw/afdb/P22105/P22105.pdb,research/alphafold_countercurvature/data/raw/afdb/P22105/P22105_pae.json,3f4e4f25ebd2cd75a17d667e52afc934d30d800f97b0bbe6e1e37bfd5b1d6d06,2026-02-16 23:58:35,
P43235,CTSK,downloaded,research/alphafold_countercurvature/data/raw/afdb/P43235/P43235.pdb,research/alphafold_countercurvature/data/raw/afdb/P43235/P43235_pae.json,4f39f4694cd1abd149a5ab4dbc3a260d1b10d5e6707bc59d929d71507640727d,2026-02-16 23:58:36,
P48995,TRPC1,downloaded,research/alphafold_countercurvature/data/raw/afdb/P48995/P48995.pdb,research/alphafold_countercurvature/data/raw/afdb/P48995/P48995_pae.json,ea632c29a0789631cd83353b94b9323ff7e6c7c6630e4b7c6d994a3d97b45fc9,2026-02-16 23:58:38,
P04637,TP53,downloaded,research/alphafold_countercurvature/data/raw/afdb/P04637/P04637.pdb,research/alphafold_countercurvature/data/raw/afdb/P04637/P04637_pae.json,5a7051e8f97848d43b3747268825b29cafb5fa99d2e3fff6f58efcdb74e74cc3,2026-02-16 23:58:40,
P42771,CDKN2A,downloaded,research/alphafold_countercurvature/data/raw/afdb/P42771/P42771.pdb,research/alphafold_countercurvature/data/raw/afdb/P42771/P42771_pae.json,e5e3f55b41d28ed7c56e658ae4195623d87e73ed1c4b318da3ce9a96df591336,2026-02-16 23:58:42,
P18206,VCL,downloaded,research/alphafold_countercurvature/data/raw/afdb/P18206/P18206.pdb,research/alphafold_countercurvature/data/raw/afdb/P18206/P18206_pae.json,fe6e28e2a6c14a897a41496e84c655526b5a0148ce4e923a80f562153c5cce9a,2026-02-16 23:58:44,
Q9Y490,TLN1,downloaded,research/alphafold_countercurvature/data/raw/afdb/Q9Y490/Q9Y490.pdb,research/alphafold_countercurvature/data/raw/afdb/Q9Y490/Q9Y490_pae.json,e099abffbab11d3c3bc516cb5290b0575730723c115c481d2c5b2aec3b75927b,2026-02-16 23:58:48,
Q9NVR2,INTU,downloaded,research/alphafold_countercurvature/data/raw/afdb/Q9NVR2/Q9NVR2.pdb,research/alphafold_countercurvature/data/raw/afdb/Q9NVR2/Q9NVR2_pae.json,1efdaf58bf9ee310be476971d9a872b3906cef08627d98754e9bdb8c8b6a83a4,2026-02-16 23:58:50,
P05186,ALPL,downloaded,research/alphafold_countercurvature/data/raw/afdb/P05186/P05186.pdb,research/alphafold_countercurvature/data/raw/afdb/P05186/P05186_pae.json,a884122fd0a5635cd6e84b3378a52fa8bc4e5830e44ba792713e8e3c6d1005e2,2026-02-18 03:45:07,
Q16665,HIF1A,downloaded,research/alphafold_countercurvature/data/raw/afdb/Q16665/Q16665.pdb,research/alphafold_countercurvature/data/raw/afdb/Q16665/Q16665_pae.json,b52ee60205a9de2b6164d1510c3bb01ad370c08d7288a2ae21a0d52c93a5e7b4,2026-02-18 03:45:42,
P20393,NR1D1,downloaded,research/alphafold_countercurvature/data/raw/afdb/P20393/P20393.pdb,research/alphafold_countercurvature/data/raw/afdb/P20393/P20393_pae.json,ac9f7a559e4de8459d4a45cb2aff01dab2ec91629cf1f9bfe4438469dc6b4143,2026-02-18 03:46:06,
Q6XUX3,DSTYK,downloaded,research/alphafold_countercurvature/data/raw/afdb/Q6XUX3/Q6XUX3.pdb,research/alphafold_countercurvature/data/raw/afdb/Q6XUX3/Q6XUX3_pae.json,0928987a6ef88a5bdaf8e2f269ee62a19ce8cf78a205b7ef38395dc37aea948e,2026-02-18 03:46:08,
P22413,ENPP1,downloaded,research/alphafold_countercurvature/data/raw/afdb/P22413/P22413.pdb,research/alphafold_countercurvature/data/raw/afdb/P22413/P22413_pae.json,b53862970ec8f0b987cde98c94d33c687bb6886be1985d0749bc79eaf9f669cf,2026-02-18 03:46:11,
P21359,NF1,downloaded,research/alphafold_countercurvature/data/raw/afdb/P21359/P21359.pdb,research/alphafold_countercurvature/data/raw/afdb/P21359/P21359_pae.json,a3ef4a6ac1b4f5a9b1df757bf1034c26aaa15fe31c1c556c90959e4bcad88fbf,2026-02-18 03:46:13,
Q13099,IFT88,downloaded,research/alphafold_countercurvature/data/raw/afdb/Q13099/Q13099.pdb,research/alphafold_countercurvature/data/raw/afdb/Q13099/Q13099_pae.json,1c608abc7e93efa90a87e7522e0968f268df446ca268e65566e3394d006f33e0,2026-02-18 03:46:16,
P35555,FBN1,not_found_afdb,,,,2026-02-18 03:46:17,
Q92508,PIEZO1,downloaded,research/alphafold_countercurvature/data/raw/afdb/Q92508/Q92508.pdb,research/alphafold_countercurvature/data/raw/afdb/Q92508/Q92508_pae.json,221f74f548eefe93fd4379c42d6e1948f1ae46ee1317ebeafc15fd6391dca2f7,2026-02-18 03:46:20,
Q7RTM1,OTOP1,downloaded,research/alphafold_countercurvature/data/raw/afdb/Q7RTM1/Q7RTM1.pdb,research/alphafold_countercurvature/data/raw/afdb/Q7RTM1/Q7RTM1_pae.json,7fb9199cd653f40265a08ce0b1528997e455e590237a02729dc52874f42bc8ce,2026-02-18 03:46:51,
Q02809,PLOD1,downloaded,research/alphafold_countercurvature/data/raw/afdb/Q02809/Q02809.pdb,research/alphafold_countercurvature/data/raw/afdb/Q02809/Q02809_pae.json,4f761340c9bbd4d0a07bc9e97bb3abd45d5652b4e86e8613f9cf6daba79834d5,2026-02-18 03:46:57,
P36897,TGFBR1,downloaded,research/alphafold_countercurvature/data/raw/afdb/P36897/P36897.pdb,research/alphafold_countercurvature/data/raw/afdb/P36897/P36897_pae.json,c662f3971129998de58816b2af3bd13e263bdb77b4cca4cd13a5b527cdc634fc,2026-02-18 03:46:59,
Q01974,ROR2,downloaded,research/alphafold_countercurvature/data/raw/afdb/Q01974/Q01974.pdb,research/alphafold_countercurvature/data/raw/afdb/Q01974/Q01974_pae.json,020e8d3fe375795224c1c74ccdab6e15057bf57af755fb2f5ff69908a9c11a94,2026-02-18 03:47:01,
Q96AC1,FERMT2,downloaded,research/alphafold_countercurvature/data/raw/afdb/Q96AC1/Q96AC1.pdb,research/alphafold_countercurvature/data/raw/afdb/Q96AC1/Q96AC1_pae.json,0842f7b652e83fa9010a1397ee4636a44d6d5a7ca502154125f317474f120cb1,2026-02-18 03:47:06,
P01137,TGFB1,downloaded,research/alphafold_countercurvature/data/raw/afdb/P01137/P01137.pdb,research/alphafold_countercurvature/data/raw/afdb/P01137/P01137_pae.json,6620cb4be60dd6325e4e0f1b17bbe9d6ff8a479950bc1aee654725af737edd6e,2026-02-18 03:47:08,
Q9Y6J9,ETV1,downloaded,research/alphafold_countercurvature/data/raw/afdb/Q9Y6J9/Q9Y6J9.pdb,research/alphafold_countercurvature/data/raw/afdb/Q9Y6J9/Q9Y6J9_pae.json,429d9f1967e8af2e64b1365c872e1c053aa55ccd712921f871c31ba304ac97d6,2026-02-18 03:47:10,
Q6NSZ9,CCDC57,downloaded,research/alphafold_countercurvature/data/raw/afdb/Q6NSZ9/Q6NSZ9.pdb,research/alphafold_countercurvature/data/raw/afdb/Q6NSZ9/Q6NSZ9_pae.json,afd990a47501ad3db051fef121dff32bd552d0e0185bd0e129fdbd534ad25fa6,2026-02-18 03:47:12,
P50454,SERPINH1,downloaded,research/alphafold_countercurvature/data/raw/afdb/P50454/P50454.pdb,research/alphafold_countercurvature/data/raw/afdb/P50454/P50454_pae.json,fc1af95ed9a59f5ea7f7bfb5b1aa88b4a75631d86e52a8c22f7f295d1a9fd7bb,2026-02-18 03:47:14,
Q13402,MYO7A,downloaded,research/alphafold_countercurvature/data/raw/afdb/Q13402/Q13402.pdb,research/alphafold_countercurvature/data/raw/afdb/Q13402/Q13402_pae.json,abf9bf409e15e5f296801896e487f72d633842082f3baf437f788f970ce2db18,2026-02-18 03:47:17,
Q9H251,CDH23,downloaded,research/alphafold_countercurvature/data/raw/afdb/Q9H251/Q9H251.pdb,research/alphafold_countercurvature/data/raw/afdb/Q9H251/Q9H251_pae.json,92060253b8f6834f100e8d0b921d7196c0d988dedabd3584801c9a96dedc3bb4,2026-02-18 03:47:20,
O15078,CEP290,downloaded,research/alphafold_countercurvature/data/raw/afdb/O15078/O15078.pdb,research/alphafold_countercurvature/data/raw/afdb/O15078/O15078_pae.json,a915b21ef4cd0902600e4e70fb14d36bbf553ff42bf0595ca632cddca75dba77,2026-02-18 03:47:24,
P35556,FBN2,downloaded,research/alphafold_countercurvature/data/raw/afdb/P35556/P35556.pdb,research/alphafold_countercurvature/data/raw/afdb/P35556/P35556_pae.json,064377786e840ae23faf71e5d3df9c984608130df8ba6f7cebb95eabbe6b4617,2026-02-18 03:47:27,
P21333,FLNA,downloaded,research/alphafold_countercurvature/data/raw/afdb/P21333/P21333.pdb,research/alphafold_countercurvature/data/raw/afdb/P21333/P21333_pae.json,931a28d47e163b463e25ae3e58d33c28f33e23c4a66dd97e65aa7999d8e545a0,2026-02-18 03:47:31,
P02452,COL1A1,downloaded,research/alphafold_countercurvature/data/raw/afdb/P02452/P02452.pdb,research/alphafold_countercurvature/data/raw/afdb/P02452/P02452_pae.json,30a8cca1dad21b009ba25d556ed6343dd37e052bd27ffb3a7173673c97f5cc88,2026-02-18 03:47:35,
P05556,ITGB1,downloaded,research/alphafold_countercurvature/data/raw/afdb/P05556/P05556.pdb,research/alphafold_countercurvature/data/raw/afdb/P05556/P05556_pae.json,bdce148a8a8e131a0a59246570cbb83c5acb50d28dc05ded4d2bb32e381dec80,2026-02-18 03:47:36,
P37173,TGFBR2,downloaded,research/alphafold_countercurvature/data/raw/afdb/P37173/P37173.pdb,research/alphafold_countercurvature/data/raw/afdb/P37173/P37173_pae.json,d6245bbad381aa00e4152d2f0a24a91d676ba9eac891a5652c9daf314721d330,2026-02-18 03:47:38,
P08123,COL1A2,downloaded,research/alphafold_countercurvature/data/raw/afdb/P08123/P08123.pdb,research/alphafold_countercurvature/data/raw/afdb/P08123/P08123_pae.json,95cbf2bc0762c73f86d9e24701875201bbd0fbde9128a18c3fe780385cf6ed42,2026-02-18 03:47:40,
P13497,BMP1,downloaded,research/alphafold_countercurvature/data/raw/afdb/P13497/P13497.pdb,research/alphafold_countercurvature/data/raw/afdb/P13497/P13497_pae.json,48fba6656f18d223bc73fb4ee70dbf6b5dcc950bb36edd93944addfab499b379,2026-02-18 03:47:42,
P04628,WNT1,downloaded,research/alphafold_countercurvature/data/raw/afdb/P04628/P04628.pdb,research/alphafold_countercurvature/data/raw/afdb/P04628/P04628_pae.json,4133871e6edd7579a0c645c9cb889e9d3c86020d2d7bc5072610d38dcfe3164a,2026-02-18 03:47:44,
P28347,TEAD1,downloaded,research/alphafold_countercurvature/data/raw/afdb/P28347/P28347.pdb,research/alphafold_countercurvature/data/raw/afdb/P28347/P28347_pae.json,a759ee997540556a3808dcbdd66f4182a9ca7df3cce5d00d6116f1698492a490,2026-02-18 03:47:46,
P42345,MTOR,downloaded,research/alphafold_countercurvature/data/raw/afdb/P42345/P42345.pdb,research/alphafold_countercurvature/data/raw/afdb/P42345/P42345_pae.json,746fd583940bcc9b40a6eb0114f2045a622fb3068162a35ea8e96f9503bafdf2,2026-02-18 03:47:50,
O15516,CLOCK,downloaded,research/alphafold_countercurvature/data/raw/afdb/O15516/O15516.pdb,research/alphafold_countercurvature/data/raw/afdb/O15516/O15516_pae.json,46035fff7d649bc4fba71d6979dde97a2b8c55c7bda5c63f191bfc7c66eda2d1,2026-02-18 03:48:28,
Q86U44,METTL3,downloaded,research/alphafold_countercurvature/data/raw/afdb/Q86U44/Q86U44.pdb,research/alphafold_countercurvature/data/raw/afdb/Q86U44/Q86U44_pae.json,e2b9eabf803ed90fa11f289989c4f464e4dea39950d652f65c8bf034e989712c,2026-02-18 03:48:30,
O75531,BANF1,downloaded,research/alphafold_countercurvature/data/raw/afdb/O75531/O75531.pdb,research/alphafold_countercurvature/data/raw/afdb/O75531/O75531_pae.json,032737ff193383c95d7cf4576cabb503e3096ed30ac111b343e977af825cfd35,2026-02-18 03:48:31,
Q8WXH0,SYNE2,downloaded,research/alphafold_countercurvature/data/raw/afdb/Q8WXH0/Q8WXH0.pdb,research/alphafold_countercurvature/data/raw/afdb/Q8WXH0/Q8WXH0_pae.json,cbf1c584e9b643f7670df69594f4267b75df94ad103f3a4432681a644b0ffc14,2026-02-18 03:48:33,
P61812,TGFB2,downloaded,research/alphafold_countercurvature/data/raw/afdb/P61812/P61812.pdb,research/alphafold_countercurvature/data/raw/afdb/P61812/P61812_pae.json,06c251a23e3b71174409b2c62fdbaf2ebceab533807b17e6c565c5aa02be14ef,2026-02-18 03:48:35,
O94901,SUN1,downloaded,research/alphafold_countercurvature/data/raw/afdb/O94901/O94901.pdb,research/alphafold_countercurvature/data/raw/afdb/O94901/O94901_pae.json,8b29a69a4a372884261d7f7423cc96fd300d8a69d2c50a780c118c97901db4e6,2026-02-18 03:48:38,
P63173,RPL38,downloaded,research/alphafold_countercurvature/data/raw/afdb/P63173/P63173.pdb,research/alphafold_countercurvature/data/raw/afdb/P63173/P63173_pae.json,0b3d1167c0258777b812c97ad8b02629a2132510c3026d61d47049d9a2536554,2026-02-18 03:48:39,
P50443,SLC26A2,downloaded,research/alphafold_countercurvature/data/raw/afdb/P50443/P50443.pdb,research/alphafold_countercurvature/data/raw/afdb/P50443/P50443_pae.json,341e6ca5382cdc15f18d78934f8bf68c05bd62312276d2642fea2f5d3f9ed06e,2026-02-18 03:48:41,
P15502,ELN,downloaded,research/alphafold_countercurvature/data/raw/afdb/P15502/P15502.pdb,research/alphafold_countercurvature/data/raw/afdb/P15502/P15502_pae.json,03491a6089ca6c7d0dabf2c4c391130596f43bf8e613b2fd333679ac53a24480,2026-02-18 03:48:44,
Q9GZV9,FGF23,downloaded,research/alphafold_countercurvature/data/raw/afdb/Q9GZV9/Q9GZV9.pdb,research/alphafold_countercurvature/data/raw/afdb/Q9GZV9/Q9GZV9_pae.json,7a85a6b6c02a5c0ae66aa5176387a363794acd70e7d226052e0ad4107cc0cf32,2026-02-18 03:48:45,
P05186,ALPL,downloaded,research/alphafold_countercurvature/data/raw/afdb/P05186/P05186.pdb,research/alphafold_countercurvature/data/raw/afdb/P05186/P05186_pae.json,a884122fd0a5635cd6e84b3378a52fa8bc4e5830e44ba792713e8e3c6d1005e2,2026-02-17 21:55:49,
Q04771,ACVR1,downloaded,research/alphafold_countercurvature/data/raw/afdb/Q04771/Q04771.pdb,research/alphafold_countercurvature/data/raw/afdb/Q04771/Q04771_pae.json,62d4fb9fa7513edd137f30cfc94b7245282d14e9021e99184744ee552e23449a,2026-02-20 21:53:06,
Q14118,DAG1,downloaded,research/alphafold_countercurvature/data/raw/afdb/Q14118/Q14118.pdb,research/alphafold_countercurvature/data/raw/afdb/Q14118/Q14118_pae.json,718701459f475b94efe11e37b9dbca9740bedc67b709ee01646d8f8cbe814825,2026-02-28 21:53:35,
P11532,DMD,downloaded,research/alphafold_countercurvature/data/raw/afdb/P11532/P11532.pdb,research/alphafold_countercurvature/data/raw/afdb/P11532/P11532_pae.json,c24a9a7ea87af51758119e5645728dddea4fe89334f30e222a126db711a94baa,2026-02-28 21:53:36,
Q9UBK2,PPARGC1A,downloaded,research/alphafold_countercurvature/data/raw/afdb/Q9UBK2/Q9UBK2.pdb,research/alphafold_countercurvature/data/raw/afdb/Q9UBK2/Q9UBK2_pae.json,a2427c2842fb7c3372d40e9e27aee410bead8ca25fba78077ab69b086b65a69f,2026-02-28 21:53:37,
P08069,IGF1R,downloaded,research/alphafold_countercurvature/data/raw/afdb/P08069/P08069.pdb,research/alphafold_countercurvature/data/raw/afdb/P08069/P08069_pae.json,9f6b7fc7b7603ecf15810c65bdf4bba1b1518afaa4520cad953aca0d1fcb463f,2026-02-28 21:53:38,
P10912,GHR,downloaded,research/alphafold_countercurvature/data/raw/afdb/P10912/P10912.pdb,research/alphafold_countercurvature/data/raw/afdb/P10912/P10912_pae.json,ae6614fc36f2417d41c23b95a27d158e9119297aaecac3163d82369582868d60,2026-02-28 21:53:39,
O00327,ARNTL,downloaded,research/alphafold_countercurvature/data/raw/afdb/O00327/O00327.pdb,research/alphafold_countercurvature/data/raw/afdb/O00327/O00327_pae.json,b9abe3153d8cb07252d3b48ae7d7110266ae8fefad8eef9950aec4d1c8d335d6,2026-02-28 21:53:40,
Q15746,MYLK,downloaded,research/alphafold_countercurvature/data/raw/afdb/Q15746/Q15746.pdb,research/alphafold_countercurvature/data/raw/afdb/Q15746/Q15746_pae.json,ffef819d6f43abd64697202f25d03d393db67a29598806db28fff39afac0d2c9,2026-02-28 21:53:42,
Q9H5I5,PIEZO2,downloaded,research/alphafold_countercurvature/data/raw/afdb/Q9H5I5/Q9H5I5.pdb,research/alphafold_countercurvature/data/raw/afdb/Q9H5I5/Q9H5I5_pae.json,56185ad7177b547387bc3ce2e204f916fa17745c659d25dd71ecd9af8323f6a4,2026-02-28 21:53:43,
Q16288,NTRK3,downloaded,research/alphafold_countercurvature/data/raw/afdb/Q16288/Q16288.pdb,research/alphafold_countercurvature/data/raw/afdb/Q16288/Q16288_pae.json,1a0ce3980d758ff58f6fd1b5b8a215971869b8a116ccae048ed8bd2637887401,2026-02-28 21:53:46,
P52954,LBX1,downloaded,research/alphafold_countercurvature/data/raw/afdb/P52954/P52954.pdb,research/alphafold_countercurvature/data/raw/afdb/P52954/P52954_pae.json,ab8d3b5ac58795cdebdbafb028f7fed52a8e251c912e2befdd5743c0b0f077e3,2026-02-28 22:04:55,
Q86SQ4,ADGRG6,downloaded,research/alphafold_countercurvature/data/raw/afdb/Q86SQ4/Q86SQ4.pdb,research/alphafold_countercurvature/data/raw/afdb/Q86SQ4/Q86SQ4_pae.json,9c35ae08dfcb42190342ef572c43a19816aa2d67a0cddb72af859629e9d93cb8,2026-02-28 22:04:56,
P55087,AQP4,downloaded,research/alphafold_countercurvature/data/raw/afdb/P55087/P55087.pdb,research/alphafold_countercurvature/data/raw/afdb/P55087/P55087_pae.json,7992a61509c58b851df6022582869fa5bcf3da780df50b1f73b987b5e49626f4,2026-02-28 22:04:58,
Q6ZN30,BNC2,downloaded,research/alphafold_countercurvature/data/raw/afdb/Q6ZN30/Q6ZN30.pdb,research/alphafold_countercurvature/data/raw/afdb/Q6ZN30/Q6ZN30_pae.json,d241215bad2e64d704c0eaae5c87f2327ee82b765672618d28744c1ecf81f76b,2026-02-28 22:05:00,
Q9H8M5,CNNM2,downloaded,research/alphafold_countercurvature/data/raw/afdb/Q9H8M5/Q9H8M5.pdb,research/alphafold_countercurvature/data/raw/afdb/Q9H8M5/Q9H8M5_pae.json,5cff9df6d312c5d32c700246350ae3720e5357aa11293a96ab408920146b27e5,2026-02-28 22:05:01,
P13942,COL11A2,downloaded,research/alphafold_countercurvature/data/raw/afdb/P13942/P13942.pdb,research/alphafold_countercurvature/data/raw/afdb/P13942/P13942_pae.json,be6d659ca3cb1b24d2bb2351696b68a1feeaa8e92145a1f1c42c51ab963ffef7,2026-02-28 22:05:04,
Q86YF9,DZIP1,downloaded,research/alphafold_countercurvature/data/raw/afdb/Q86YF9/Q86YF9.pdb,research/alphafold_countercurvature/data/raw/afdb/Q86YF9/Q86YF9_pae.json,b744002438b93abda290bd22e5976f02703daa8d83d330659aab56d1c0144d5b,2026-02-28 22:05:06,
P50402,EMD,downloaded,research/alphafold_countercurvature/data/raw/afdb/P50402/P50402.pdb,research/alphafold_countercurvature/data/raw/afdb/P50402/P50402_pae.json,412449853d0a0e4e0a825b44d2c63cb9e834b7a023a573d740a5f5c5322eb2b2,2026-02-28 22:05:07,
Q9UBX5,FBLN5,downloaded,research/alphafold_countercurvature/data/raw/afdb/Q9UBX5/Q9UBX5.pdb,research/alphafold_countercurvature/data/raw/afdb/Q9UBX5/Q9UBX5_pae.json,01127a00a04a8d1f10cc9fd93186eb35f9992d27f87b67ee2f32fb2728217fe6,2026-02-28 22:05:10,
P43026,GDF5,downloaded,research/alphafold_countercurvature/data/raw/afdb/P43026/P43026.pdb,research/alphafold_countercurvature/data/raw/afdb/P43026/P43026_pae.json,594aef840ef9c96e288e2a686d24fb8bdc14175ebe44d9618487c20ea34baf74,2026-02-28 22:05:39,
Q9BYE0,HES7,downloaded,research/alphafold_countercurvature/data/raw/afdb/Q9BYE0/Q9BYE0.pdb,research/alphafold_countercurvature/data/raw/afdb/Q9BYE0/Q9BYE0_pae.json,5e7abc6ad69fdfd339b4961d9955047bdb5fbac0516c61740b675dcb8ddde1f5,2026-02-28 22:05:51,
Q0VG99,MESP2,downloaded,research/alphafold_countercurvature/data/raw/afdb/Q0VG99/Q0VG99.pdb,research/alphafold_countercurvature/data/raw/afdb/Q0VG99/Q0VG99_pae.json,5fad221d6f7e79c985b0773791471d3e0b900081498d0d67405d8d41c53aef24,2026-02-28 22:05:53,
Q96QZ0,PANX3,downloaded,research/alphafold_countercurvature/data/raw/afdb/Q96QZ0/Q96QZ0.pdb,research/alphafold_countercurvature/data/raw/afdb/Q96QZ0/Q96QZ0_pae.json,1fe937c660a3c65d8d87ce7874bc1130c0c75d296b79d2358cf335824057ef26,2026-02-28 22:05:54,
Q8NA72,POC5,downloaded,research/alphafold_countercurvature/data/raw/afdb/Q8NA72/Q8NA72.pdb,research/alphafold_countercurvature/data/raw/afdb/Q8NA72/Q8NA72_pae.json,49bce0b60c0413a737d6e149b8798c14353d44c2b9c7e6539c0ee18086d3c5bf,2026-02-28 22:05:55,
Q13308,PTK7,downloaded,research/alphafold_countercurvature/data/raw/afdb/Q13308/Q13308.pdb,research/alphafold_countercurvature/data/raw/afdb/Q13308/Q13308_pae.json,1f90ea6ee449988d25325b869bd6ef2513c5cdca9ef4b9abfdcbf2492677ac47,2026-02-28 22:05:58,
Q13464,ROCK1,downloaded,research/alphafold_countercurvature/data/raw/afdb/Q13464/Q13464.pdb,research/alphafold_countercurvature/data/raw/afdb/Q13464/Q13464_pae.json,a3d02b95116ee4f3f78834e27180f1028b872da6b630626d051cad8f4a08b0e4,2026-02-28 22:06:01,
A2VEC9,SSPOP,downloaded,research/alphafold_countercurvature/data/raw/afdb/A2VEC9/A2VEC9.pdb,research/alphafold_countercurvature/data/raw/afdb/A2VEC9/A2VEC9_pae.json,bc49e9b4cc54c3f3572455917a91bdaea2222dc1f647561b2bf458368dae453a,2026-02-28 22:06:04,
Q8TAV4,STOML3,downloaded,research/alphafold_countercurvature/data/raw/afdb/Q8TAV4/Q8TAV4.pdb,research/alphafold_countercurvature/data/raw/afdb/Q8TAV4/Q8TAV4_pae.json,25cd5527bac1a79a959e33367e2d7a70a09b7587dd1ca8702144d9dfb0a0c78c,2026-02-28 22:06:06,
P04406,GAPDH,downloaded,research/alphafold_countercurvature/data/raw/afdb/P04406/P04406.pdb,research/alphafold_countercurvature/data/raw/afdb/P04406/P04406_pae.json,d29748dc3eca3549dec88a0b3c3b3bbc112dc32a925a29e015ca9076e4ab93ce,2026-02-28 22:06:27,
Q6V0I7,FAT4,not_found_afdb,,,,2026-02-28 22:07:54,
Q9NZV5,SELENON,not_found_afdb,,,,2026-02-28 22:07:59,
Q8WZ42,TTN,not_found_afdb,,,,2026-02-28 22:08:01,
O43524,FOXO3,downloaded,research/alphafold_countercurvature/data/raw/afdb/O43524/O43524.pdb,research/alphafold_countercurvature/data/raw/afdb/O43524/O43524_pae.json,23c0aa17a97644034e0112c6ba72d2e6c438617290489a3f9290d1b5c90ba288,2026-03-30 06:51:06,
Q9UEF7,KLOTHO,downloaded,research/alphafold_countercurvature/data/raw/afdb/Q9UEF7/Q9UEF7.pdb,research/alphafold_countercurvature/data/raw/afdb/Q9UEF7/Q9UEF7_pae.json,ce9ab4f632d6a097ef6fdd7c69aea05ba0a550f1128da6ca9da8772193c2ba6c,2026-03-30 06:51:07,
P46937,YAP1,downloaded,research/alphafold_countercurvature/data/raw/afdb/P46937/P46937.pdb,research/alphafold_countercurvature/data/raw/afdb/P46937/P46937_pae.json,191425816c40b1574c7cba44b5a327c5cd3eab57efd945a75add64e917664d62,2026-03-30 06:51:09,
